"","company","year","profit"
"1","A",2013,104.868402955436
"2","A",2014,103.845416081734
"3","A",2015,107.47827446123
"4","A",2016,104.482790546366
"5","A",2017,109.860349545238
"6","B",2013,50.451905527255
"7","B",2014,48.041633544249
"8","B",2015,49.998475740963
"9","B",2016,49.7346639991507
"10","B",2017,51.5632226188808
"11","C",2013,70.6855361272455
"12","C",2014,78.144850799874
"13","C",2015,78.5065305130468
"14","C",2016,85.6132996504939
"15","C",2017,87.1390283242359
